age,n,players,median_total_ret,median_total_ret_ci_lo,median_total_ret_ci_hi,mean_total_ret,returners,median_ppg_ret_returners,survival,survival_ci_lo,survival_ci_hi,severe_loss,current_band
21,11,11,1.116,0.8,1.485,1.118,11,0.931,0.818,0.545,1.0,0.182,low
22,37,37,0.888,0.794,1.156,1.056,35,1.002,0.838,0.703,0.946,0.162,low
23,52,52,0.912,0.796,1.152,0.986,52,0.997,0.808,0.692,0.904,0.192,low
24,53,53,0.755,0.553,0.963,0.747,48,0.957,0.774,0.66,0.887,0.302,low
25,50,50,0.729,0.485,0.81,0.692,45,0.948,0.6,0.46,0.74,0.36,low
26,38,38,0.974,0.719,1.066,0.967,34,0.996,0.737,0.579,0.868,0.263,low
27,41,41,0.859,0.648,1.008,0.849,41,0.89,0.756,0.634,0.878,0.317,low
28,39,39,0.62,0.421,0.959,0.68,34,0.947,0.641,0.487,0.795,0.436,low
29,29,29,0.812,0.644,0.913,0.779,29,0.949,0.759,0.586,0.897,0.241,low
30,28,28,0.859,0.777,1.198,0.952,28,0.953,0.786,0.643,0.929,0.25,low
31,29,29,0.763,0.656,1.101,0.863,27,0.882,0.793,0.621,0.931,0.276,low
32,24,24,0.768,0.626,0.969,0.773,22,0.966,0.792,0.625,0.958,0.25,low
33,21,21,0.754,0.554,1.035,0.867,20,0.931,0.905,0.762,1.0,0.286,low
34,24,24,0.726,0.23,0.982,0.797,20,0.958,0.583,0.375,0.792,0.375,low
35,14,14,0.943,0.788,1.116,0.938,14,0.833,0.929,0.786,1.0,0.143,low
36,15,15,0.697,0.421,1.092,0.729,14,0.944,0.733,0.533,0.933,0.333,moderate
37,11,11,0.227,0.005,0.79,0.451,9,0.763,0.455,0.182,0.727,0.545,moderate
38,8,8,0.522,0.0,0.899,0.513,7,0.702,0.625,0.25,0.875,0.5,moderate
39,6,6,0.369,0.0,1.313,0.561,3,0.858,0.5,0.167,0.833,0.5,high
40,4,4,0.908,,,0.691,3,0.938,0.75,,,0.25,high
41,2,2,0.47,,,0.47,1,0.939,0.5,,,0.5,high
42,1,1,1.282,,,1.282,1,1.282,1.0,,,0.0,high
43,1,1,1.109,,,1.109,1,1.044,1.0,,,0.0,high
44,1,1,0.725,,,0.725,1,0.725,1.0,,,0.0,high
45,1,1,0.0,,,0.0,0,,0.0,,,1.0,high
